﻿"Crop","Season","Area-2021-22","Production-2021-22","Yield-2021-22"
"Rice","Total","0.00","0.00","0.00"
"Wheat","Total","0.00","0.00","0.00"
"Maize","Total","0.00","0.00","0.00"
"Barley","Total","0.00","0.00","0.00"
"Jowar","Total","0.00","0.00","0.00"
"Bajra","Total","0.00","0.00","0.00"
"Ragi","Total","0.00","0.00","0.00"
"Small Millets","Total","0.00","0.00","0.00"
"Shree Anna /Nutri Cereals","Total","0.00","0.00","0.00"
"Nutri/Coarse Cereals","Total","0.00","0.00","0.00"
"Cereals","Total","0.00","0.00","0.00"
"Tur","Total","0.00","0.00","0.00"
"Gram","Total","0.00","0.00","0.00"
"Urad","Total","0.00","0.00","0.00"
"Moong","Total","0.00","0.00","0.00"
"Lentil","Total","0.00","0.00","0.00"
"Total Pulses","Total","0.00","0.00","0.00"
"Total Food Grains","Total","0.00","0.00","0.00"
"Groundnut","Total","0.00","0.00","0.00"
"Castorseed","Total","0.00","0.00","0.00"
"Sesamum","Total","0.00","0.00","0.00"
"Nigerseed","Total","0.00","0.00","0.00"
"Soybean","Total","0.00","0.00","0.00"
"Sunflower","Total","0.00","0.00","0.00"
"Rapeseed & Mustard","Total","0.00","0.00","0.00"
"Linseed","Total","0.00","0.00","0.00"
"Safflower","Total","0.00","0.00","0.00"
"Total Oil Seeds","Total","0.00","0.00","0.00"
"Sugarcane","Total","0.00","0.00","0.00"
"Cotton","Total","0.00","0.00","0.00"
"Jute","Total","","0.00",""
"Mesta","Total","0.00","0.00","0.00"
"Jute & Mesta","Total","0.00","0.00","0.00"